{"cameraMode":{"drawMode":0,"name":"Shaded","section":"Shading Mode"},"sceneLighting":true,"audioPlay":false,"sceneViewState":{"m_AlwaysRefresh":false,"showFog":true,"showSkybox":true,"showFlares":true,"showImageEffects":true,"showParticleSystems":true,"showVisualEffectGraphs":true,"m_FxEnabled":true},"in2DMode":false,"pivot":{"x":21.411819458007814,"y":-53.60110092163086,"z":18.148727416992189},"rotation":{"x":0.5198999643325806,"y":0.03838424012064934,"z":-0.02345902845263481,"w":0.8531209230422974},"size":42.09949493408203,"orthographic":false}