{"cameraMode":{"drawMode":0,"name":"Shaded","section":"Shading Mode"},"sceneLighting":false,"audioPlay":false,"sceneViewState":{"showFog":true,"showMaterialUpdate":false,"showSkybox":false,"showFlares":true,"showImageEffects":true,"showParticleSystems":true},"in2DMode":false,"pivot":{"x":-6.433601379394531,"y":1.1538426876068116,"z":3.1270062923431398},"rotation":{"x":-0.01007547602057457,"y":0.9863462448120117,"z":-0.0649929791688919,"w":-0.15148746967315675},"size":7.997824668884277,"orthographic":false}