{"cameraMode":{"drawMode":0,"name":"Shaded","section":"Shading Mode"},"sceneLighting":true,"audioPlay":false,"sceneViewState":{"showFog":true,"showMaterialUpdate":false,"showSkybox":true,"showFlares":true,"showImageEffects":true,"showParticleSystems":true},"in2DMode":false,"pivot":{"x":-3.9121761322021486,"y":0.37471067905426028,"z":47.540313720703128},"rotation":{"x":-0.10445733368396759,"y":0.05755782127380371,"z":-0.005985436495393515,"w":-0.9929264783859253},"size":45.37958526611328,"orthographic":false}